{
    "Loss": 0.12139240652322769,
    "Accuracy": 0.9565972089767456
}