{
    "Loss": 0.1703152060508728,
    "Accuracy": 0.9322916865348816
}